category,hours_percent,hours_percent_rounded
Admin,1.5679395126196691,2
Client work,49.39621409921671,49
Community,7.274441543371046,7
Personal projects,37.92360204525674,38
Prospective work,3.8378027995358286,4
